505,Васильев Дмитрий Андреевич1,+7-999-204-73-58
506,Алексеев Михаил Владимирович,+7-912-456-78-01
507,Соколова Елена Игоревна,+7-905-334-21-02
508,Морозов Дмитрий Сергеевич,+7-916-889-45-03
509,Крылова Ольга Андреевна,+7-921-770-12-04
510,Никитин Павел Олегович,+7-903-998-54-05
511,Федорова Наталья Викторовна,+7-915-667-89-06
512,Зайцев Андрей Михайлович,+7-926-441-23-07
513,Орлов Константин Денисович,+7-999-555-67-08
514,Козлова Ирина Сергеевна,+7-901-222-34-09
515,Белов Артём Евгеньевич,+7-917-333-45-11
516,Гусев Роман Николаевич,+7-904-666-78-12
517,Макарова Татьяна Петровна,+7-921-888-90-13
518,Романов Илья Александрович,+7-916-101-11-14
519,Семенова Юлия Вячеславовна,+7-903-212-13-15
520,Калинин Денис Андреевич,+7-925-414-15-16
521,Полякова Марина Сергеевна,+7-915-616-17-17
522,Ершов Алексей Витальевич,+7-999-818-19-18
523,Мельникова Светлана Олеговна,+7-906-202-21-19
524,Захаров Владислав Игоревич,+7-912-323-23-20
525,Королёва Анастасия Дмитриевна,+7-903-424-25-21
526,Кузьмин Евгений Романович,+7-921-525-27-22
527,Фролова Дарья Алексеевна,+7-916-626-29-23
528,Комаров Вячеслав Юрьевич,+7-905-727-31-24
529,Лебедев Артём Сергеевич,+7-926-828-33-25
530,Виноградова Ирина Павловна,+7-999-929-35-26
